,skip,language,term,transliteration,item,group,iso,glcode,level,branch,family,macroarea,country,lat,lon,from,text
0,,Afrikaans,peper,,peper,pippali,afr,afri1274,language,Germanic,Indo-European,Africa,ZA,-31.0,22.0,wals1,peper<br>Language: Afrikaans<br>Family: Indo-European
119,,Church Slavic,пьпьрь ,pĭpĭrĭ,pĭpĭrĭ,pippali,chu,chur1257,language,,Indo-European,Eurasia,RU,43.7171,22.8442,glot,пьпьрь <br>pĭpĭrĭ<br>Language: Church Slavic<br>Family: Indo-European
117,,Occitan,pebre,,pebre,pippali,oci,occi1239,language,Romance,Indo-European,Eurasia,FR,44.0,2.0,wals1,pebre<br>Language: Occitan<br>Family: Indo-European
116,,Norwegian,pepper,,pepper,pippali,nob,norw1259,language,Germanic,Indo-European,Eurasia,NO,61.0,8.0,wals1,pepper<br>Language: Norwegian<br>Family: Indo-European
115,,Northern Kurdish,filfil,,filfil,pippali,kmr,nort2641,language,,Indo-European,Eurasia,AM AZ IQ IR JO KW SY TM TR,37.0,43.0,glot,filfil<br>Language: Northern Kurdish<br>Family: Indo-European
114,,North Saami,bihppor,,bihppor,pippali,sme,nort2671,language,,Uralic,Eurasia,FI NO SE,68.725,22.1113,glot,bihppor<br>Language: North Saami<br>Family: Uralic
113,,Northern Frisian,pöber,,pöber,pippali,frr,nort2626,language,,Indo-European,Eurasia,DE DK,54.6409,8.58489,glot,pöber<br>Language: Northern Frisian<br>Family: Indo-European
109,,Mongolian,перц,perts,perts,pippali,mon,mong1331,family,,Mongolic-Khitan,,MN,48.32,106.29,glot,перц<br>perts<br>Language: Mongolian<br>Family: Mongolic-Khitan
108,,Modern Hebrew,פִּלְפֵּל‎,pilpel,pilpel,pippali,heb,hebr1245,language,,Afro-Asiatic,Eurasia,IL JO LB PS SY,31.1056,35.0179,glot,פִּלְפֵּל‎<br>pilpel<br>Language: Modern Hebrew<br>Family: Afro-Asiatic
107,,Modern Greek,πιπέρι,pipéri,pipéri,pippali,ell,mode1248,language,,Indo-European,Eurasia,AL BG CY EG GR IT MK RO TR UA,38.36,23.13,glot,πιπέρι<br>pipéri<br>Language: Modern Greek<br>Family: Indo-European
106,,Mòcheno,pever,,pever,pippali,mhn,moch1255,language,,Indo-European,Eurasia,IT,46.1064,11.315,glot,pever<br>Language: Mòcheno<br>Family: Indo-European
104,,Maori,pepa,,pepa,pippali,mri,maor1246,language,Oceanic,Austronesian,Papunesia,NZ,-40.0,176.0,wals1,pepa<br>Language: Maori<br>Family: Austronesian
103,,Manx,pibbyr,,pibbyr,pippali,glv,manx1243,language,Celtic,Indo-European,Eurasia,GB,54.1666666667,-4.5,wals1,pibbyr<br>Language: Manx<br>Family: Indo-European
96,,Malagasy,dipoàvatra,,dipoàvatra,pippali,plt,plat1254,language,Barito,Austronesian,Africa,MG,-20.0,47.0,wals1,dipoàvatra<br>Language: Malagasy<br>Family: Austronesian
93,,Luxemburgish,Peffer,,Peffer,pippali,,luxe1243,dialect,,Indo-European,Eurasia,,49.68,6.15,glot,Peffer<br>Language: Luxemburgish<br>Family: Indo-European
91,,Lower Sorbian,"peṕeŕ, per",,pjepjeŕ,pippali,dsb,lowe1385,language,,Indo-European,Eurasia,DE,51.6621,13.9407,glot,"peṕeŕ, per<br>Language: Lower Sorbian<br>Family: Indo-European"
90,,Low German,Peper,,Peper,pippali,nds,nort2627,language,Germanic,Indo-European,Eurasia,DE,53.0,10.0,wals1,Peper<br>Language: Low German<br>Family: Indo-European
89,,Lombard,"pever, pevre",,"pever, pevre",pippali,lmo,lomb1257,language,,Indo-European,Eurasia,CH IT,45.8817,9.39509,glot,"pever, pevre<br>Language: Lombard<br>Family: Indo-European"
88,,Lithuanian,piparas,,piparas,pippali,lit,lith1251,language,Baltic,Indo-European,Eurasia,LT,55.0,24.0,wals1,piparas<br>Language: Lithuanian<br>Family: Indo-European
87,,Lingala,pilipilí,,pilipilí,pippali,lin,ling1263,language,Bantoid,Niger-Congo,Africa,CD,2.0,18.5,wals1,pilipilí<br>Language: Lingala<br>Family: Niger-Congo
86,,Latvian,pipari,,pipari,pippali,lav,latv1249,language,Baltic,Indo-European,Eurasia,LV,57.0,24.0,wals1,pipari<br>Language: Latvian<br>Family: Indo-European
85,,Latin,piper,,piper,pippali,lat,lati1261,language,,Indo-European,Eurasia,VA,41.9026,12.4502,glot,piper<br>Language: Latin<br>Family: Indo-European
81,,Kildin Saami,pierec,,pierec,pippali,sjd,kild1236,language,,Uralic,Eurasia,RU,68.2158,35.8348,glot,pierec<br>Language: Kildin Saami<br>Family: Uralic
69,,Jamaican Creole,peppa,,peppa,pippali,jam,jama1262,language,Creoles and Pidgins,other,North America,JM,18.1666666667,-77.25,wals1,peppa<br>Language: Jamaican Creole<br>Family: other
68,,Italian,pepe,,pepe,pippali,ita,ital1282,language,Romance,Indo-European,Eurasia,IT CH,43.0,12.0,wals1,pepe<br>Language: Italian<br>Family: Indo-European
67,,Irish,piobar,,piobar,pippali,gle,iris1253,language,Celtic,Indo-European,Eurasia,IE,53.0,-8.0,wals1,piobar<br>Language: Irish<br>Family: Indo-European
66,,Iraqw,pilipili,,pilipili,pippali,irk,iraq1241,language,Southern Cushitic,Afro-Asiatic,Africa,TZ,-4.0,35.5,wals1,pilipili<br>Language: Iraqw<br>Family: Afro-Asiatic
63,,Ido,pipro,,pipro,pippali,ido,idoo1234,language,,,Eurasia,,,,glot,nan
120,,Old Russian,"пьпьрь, перець  ","pĭpĭrĭ, perecĭ","pĭpĭrĭ, perecĭ",pippali,orv,oldr1238,language,,Indo-European,Eurasia,RU,54.813,31.827,glot,"пьпьрь, перець  <br>pĭpĭrĭ, perecĭ<br>Language: Old Russian<br>Family: Indo-European"
62,,Icelandic,pipar,,pipar,pippali,isl,icel1247,language,Germanic,Indo-European,Eurasia,IS,65.0,-17.0,wals1,pipar<br>Language: Icelandic<br>Family: Indo-European
121,,Old Frisian,piper,,piper,pippali,ofs,oldf1241,language,,Indo-European,Eurasia,NL,53.35,6.8,glot,piper<br>Language: Old Frisian<br>Family: Indo-European
129,,Polish,pieprz,,pieprz,pippali,pol,poli1260,language,Slavic,Indo-European,Eurasia,PL,52.0,20.0,wals1,pieprz<br>Language: Polish<br>Family: Indo-European
186,,Yiddish,פֿעפֿער‎,fefer,fefer,pippali,ydd,yidd1255,language,Germanic,Indo-European,Eurasia,LT PL DE BY UA,52.0,23.0,wals1,פֿעפֿער‎<br>fefer<br>Language: Yiddish<br>Family: Indo-European
183,,Western Frisian,piper,,piper,pippali,fry,west2354,language,,Indo-European,Eurasia,NL,53.143,5.86091,glot,piper<br>Language: Western Frisian<br>Family: Indo-European
182,,Welsh,"pupur, bupur",,"pupur, bupur",pippali,cym,wels1247,language,Celtic,Indo-European,Eurasia,GB,52.0,-3.0,wals1,"pupur, bupur<br>Language: Welsh<br>Family: Indo-European"
181,,Walloon,poeve,,poeve,pippali,wln,wall1255,language,,Indo-European,Eurasia,BE FR LU,50.2235,5.14509,glot,poeve<br>Language: Walloon<br>Family: Indo-European
180,,Volapük,pep,,pep,pippali,vol,vola1234,language,,,Eurasia,,49.0,8.24,glot,nan
178,,Venetian,pévaro,,pévaro,pippali,vec,vene1258,language,,Indo-European,Eurasia,BR HR IT MX SI,45.503581,12.214167,glot,pévaro<br>Language: Venetian<br>Family: Indo-European
173,,Upper Sorbian,popjeŕ,,popjeŕ,pippali,hsb,uppe1395,language,,Indo-European,Eurasia,DE,51.2403,14.4098,glot,popjeŕ<br>Language: Upper Sorbian<br>Family: Indo-European
172,,Ukrainian,пе́рець,pérecʹ,pérecʹ,pippali,ukr,ukra1253,language,Slavic,Indo-European,Eurasia,UA,49.0,33.0,wals1,пе́рець<br>pérecʹ<br>Language: Ukrainian<br>Family: Indo-European
170,,Turkish,karabiber,,karabiber,pippali,tur,nucl1301,language,Turkic,Altaic,Eurasia,TR,39.0,35.0,wals1,karabiber<br>Language: Turkish<br>Family: Altaic
167,,Tok Pisin,pepa,,pepa,pippali,tpi,tokp1240,language,,Indo-European,Papunesia,PG,-9.41971,147.303,glot,pepa<br>Language: Tok Pisin<br>Family: Indo-European
165,,Tigrinya,በርበረ,bärbärä,bärbärä,pippali,tir,tigr1271,language,Semitic,Afro-Asiatic,Africa,ER ET,14.5,38.5,wals1,በርበረ<br>bärbärä<br>Language: Tigrinya<br>Family: Afro-Asiatic
157,,Tajik,филфил,filfil,filfil,pippali,tgk,taji1245,language,Iranian,Indo-European,Eurasia,TJ,38.6666666667,70.0,wals1,филфил<br>filfil<br>Language: Tajik<br>Family: Indo-European
155,,Swedish,peppar,,peppar,pippali,swe,swed1254,language,Germanic,Indo-European,Eurasia,FI SE,60.0,15.0,wals1,peppar<br>Language: Swedish<br>Family: Indo-European
154,,Swahili,pilipili manga,,pilipili manga,pippali,swh,swah1253,language,,Atlantic-Congo,Africa,BI KE MZ RW SO TZ UG,-8.25605,37.624,glot,pilipili manga<br>Language: Swahili<br>Family: Atlantic-Congo
152,,Standard Arabic,"فِلْفِل‎, فُلْفُل‎","filfil, fulful","filfil, fulful",pippali,arb,stan1318,language,,Afro-Asiatic,Eurasia,AE BH DJ DZ EG ER IL IQ JO KM KW LB LY MA OM PS QA SA SD SO SY TD TN TZ YE,27.9625,43.8525,glot,"فِلْفِل‎, فُلْفُل‎<br>filfil, fulful<br>Language: Standard Arabic<br>Family: Afro-Asiatic"
151,,Sranan Tongo,pepre,,pepre,pippali,srn,sran1240,language,,Indo-European,South America,NL SR,5.83,-55.33,glot,pepre<br>Language: Sranan Tongo<br>Family: Indo-European
149,,Slovene,poper,,poper,pippali,slv,slov1268,language,Slavic,Indo-European,Eurasia,SI,46.0,15.0,wals1,poper<br>Language: Slovene<br>Family: Indo-European
147,,Slovak,piepor,,piepor,pippali,slk,slov1269,language,Slavic,Indo-European,Eurasia,SK,49.0,20.0,wals1,piepor<br>Language: Slovak<br>Family: Indo-European
144,,Sicilian,pipi,,pipi,pippali,scn,sici1248,language,,Indo-European,Eurasia,IT,37.5735,14.0414,glot,pipi<br>Language: Sicilian<br>Family: Indo-European
142,,Seychelles Creole,dipwav,,dipwav,pippali,crs,sese1246,language,Creoles and Pidgins,other,Eurasia,SC,-4.75,55.5,wals1,dipwav<br>Language: Seychelles Creole<br>Family: other
141,,Serbian-Croatian-Bosnian,"бибер, папар","biber, papar","biber, papar",pippali,hbs,sout1528,language,,Indo-European,Eurasia,RS,44.15,18.81,glot,"бибер, папар<br>biber, papar<br>Language: Serbian-Croatian-Bosnian<br>Family: Indo-European"
140,,Scottish Gaelic,piobar,,piobar,pippali,gla,scot1245,language,,Indo-European,Eurasia,GB,56.7574,-5.24366,glot,piobar<br>Language: Scottish Gaelic<br>Family: Indo-European
139,,Sardinian,"pibere, pibiri, pipere",,"pibere, pibiri, pipere",pippali,sro,camp1261,language,Romance,Indo-European,Eurasia,IT,40.0,9.0,wals1,"pibere, pibiri, pipere<br>Language: Sardinian<br>Family: Indo-European"
136,,Sakha,bieres,,bieres,pippali,sah,yaku1245,language,,Turkic,Eurasia,RU,61.6974,133.98,glot,bieres<br>Language: Sakha<br>Family: Turkic
135,,Russian,пе́рец  ,pérec,pérec,pippali,rus,russ1263,language,Slavic,Indo-European,Eurasia,RU,56.0,38.0,wals1,пе́рец  <br>pérec<br>Language: Russian<br>Family: Indo-European
134,,Romansch,"paiver, peiver, pever",,"paiver, peiver, pever",pippali,roh,roma1326,language,Romance,Indo-European,Eurasia,CH,46.6666666667,9.16666666667,wals1,"paiver, peiver, pever<br>Language: Romansch<br>Family: Indo-European"
133,,Romanian,piper,,piper,pippali,ron,roma1327,language,Romance,Indo-European,Eurasia,RO,46.0,25.0,wals1,piper<br>Language: Romanian<br>Family: Indo-European
128,,Persian,فلفل‎,felfel,felfel,pippali,pes,west2369,language,Iranian,Indo-European,Eurasia,IR,32.0,54.0,wals1,فلفل‎<br>felfel<br>Language: Persian<br>Family: Indo-European
61,,Hunsrik,Peffer,,Peffer,pippali,hrx,riog1239,language,,Indo-European,South America,BR,-29.3255,-51.7219,glot,Peffer<br>Language: Hunsrik<br>Family: Indo-European
94,,Macedonian,бибер,"biber, crn piper",biber,pippali,mkd,mace1250,language,Slavic,Indo-European,Eurasia,MK,41.6666666667,21.75,wals1,"бибер<br>biber, crn piper<br>Language: Macedonian<br>Family: Indo-European"
188,,Zulu,upelepele,,upelepele,pippali,zul,zulu1248,language,,Atlantic-Congo,Africa,BW LS MZ SZ ZA,-28.9,30.2,glot,upelepele<br>Language: Zulu<br>Family: Atlantic-Congo
48,,Friulian,pevar,,pevar,pippali,fur,friu1240,language,,Indo-European,Eurasia,AT IT,46.1473,13.0493,glot,pevar<br>Language: Friulian<br>Family: Indo-European
47,,French,poivre,,poivre,pippali,fra,stan1290,language,Romance,Indo-European,Eurasia,CH FR,48.0,2.0,wals1,poivre<br>Language: French<br>Family: Indo-European
31,,Coptic,"ⲡⲓⲡⲉⲣ, ⲁⲗⲃⲟⲩⲗⲃⲟⲩⲗ ","piper, alboulboul","piper, alboulboul",pippali,cop,copt1239,language,Egyptian-Coptic,Afro-Asiatic,Africa,EG,26.0,32.0,wals1,"ⲡⲓⲡⲉⲣ, ⲁⲗⲃⲟⲩⲗⲃⲟⲩⲗ <br>piper, alboulboul<br>Language: Coptic<br>Family: Afro-Asiatic"
17,,Baluchi,پلپل‎,pilpil,pilpil,pippali,bgp,east2304,language,Iranian,Indo-European,Eurasia,PK IR AF,28.0,62.0,wals1,پلپل‎<br>pilpil<br>Language: Baluchi<br>Family: Indo-European
45,,Faroese,pipar,,pipar,pippali,fao,faro1244,language,Germanic,Indo-European,Eurasia,DK,62.0,-7.0,wals1,pipar<br>Language: Faroese<br>Family: Indo-European
44,,Estonian,pipar,,pipar,pippali,est,esto1258,language,Finnic,Uralic,Eurasia,EE,59.0,26.0,wals1,pipar<br>Language: Estonian<br>Family: Uralic
20,,Basque,piperra,,piperra,pippali,eus,basq1248,language,Basque,Basque,Eurasia,FR ES,43.0,-3.0,wals1,piperra<br>Language: Basque<br>Family: Basque
21,,Belarusian,пе́рац,pjérac,pjérac,pippali,bel,bela1254,language,,Indo-European,Eurasia,BY LT LV PL RU UA,53.2307,25.6038,glot,пе́рац<br>pjérac<br>Language: Belarusian<br>Family: Indo-European
23,,Bezhta,p’ilp’il,,p’ilp’il,pippali,kap,bezh1248,language,Avar-Andic-Tsezic,Nakh-Daghestanian,Eurasia,RU,42.0833333333,46.1666666667,wals1,p’ilp’il<br>Language: Bezhta<br>Family: Nakh-Daghestanian
43,,Esperanto,pipro,,pipro,pippali,epo,espe1235,language,,,Eurasia,,49.3273,2.81045,glot,nan
24,,Breton,pebre,,pebre,pippali,bre,bret1244,language,Celtic,Indo-European,Eurasia,FR,48.0,-3.0,wals1,pebre<br>Language: Breton<br>Family: Indo-European
41,,English,pepper,,pepper,pippali,eng,stan1293,language,Germanic,Indo-European,Eurasia,GB IE,52.0,0.0,wals1,pepper<br>Language: English<br>Family: Indo-European
40,,Elfdalian,pipär,,pipär,pippali,ovd,elfd1234,dialect,,Indo-European,Eurasia,SE,,,glot,pipär<br>Language: Elfdalian<br>Family: Indo-European
39,,Egyptian Arabic,فلفل‎,felfel,felfel,pippali,arz,egyp1253,language,,Afro-Asiatic,Africa,EG IL LY,31.0,31.0,glot,فلفل‎<br>felfel<br>Language: Egyptian Arabic<br>Family: Afro-Asiatic
38,,Dutch,peper,,peper,pippali,nld,dutc1256,language,Germanic,Indo-European,Eurasia,NL,52.5,6.0,wals1,peper<br>Language: Dutch<br>Family: Indo-European
25,,Bulgarian,пи́пер ,píper,píper,pippali,bul,bulg1262,language,Slavic,Indo-European,Eurasia,BG,42.5,25.0,wals1,пи́пер <br>píper<br>Language: Bulgarian<br>Family: Indo-European
28,,Catalan,pebre,,pebre,pippali,cat,stan1289,language,Romance,Indo-European,Eurasia,ES,41.75,2.0,wals1,pebre<br>Language: Catalan<br>Family: Indo-European
35,,Danish,peber,,peber,pippali,dan,dani1285,language,Germanic,Indo-European,Eurasia,DK,56.0,10.0,wals1,peber<br>Language: Danish<br>Family: Indo-European
34,,Dalmatian,pepro,,pepro,pippali,dlm,dalm1243,language,,Indo-European,Eurasia,HR,42.7095,18.0238,glot,pepro<br>Language: Dalmatian<br>Family: Indo-European
33,,Czech,pepř,,pepř,pippali,ces,czec1258,language,Slavic,Indo-European,Eurasia,CZ,50.0,15.0,wals1,pepř<br>Language: Czech<br>Family: Indo-European
32,,Crimean Tatar,biber,,biber,pippali,crh,crim1257,language,Turkic,Altaic,Eurasia,UZ,45.0,34.0833333333,wals1,biber<br>Language: Crimean Tatar<br>Family: Altaic
50,,Georgian,პილპილი,ṗilṗili,ṗilṗili,pippali,kat,nucl1302,language,Kartvelian,Kartvelian,Eurasia,GE,42.0,44.0,wals1,პილპილი<br>ṗilṗili<br>Language: Georgian<br>Family: Kartvelian
51,,German,Pfeffer,,Pfeffer,pippali,deu,stan1295,language,Germanic,Indo-European,Eurasia,AT DE CH,52.0,10.0,wals1,Pfeffer<br>Language: German<br>Family: Indo-European
46,,Finnish,pippuri,,pippuri,pippali,fin,finn1318,language,Finnic,Uralic,Eurasia,FI,62.0,25.0,wals1,pippuri<br>Language: Finnish<br>Family: Uralic
16,,Azerbaijani,bibər,,bibər,pippali,azb,nort2697,language,Turkic,Altaic,Eurasia,AZ IR,40.5,48.5,wals1,bibər<br>Language: Azerbaijani<br>Family: Altaic
54,,Gurindji,pipa,,pipa,pippali,gue,guri1247,language,Western Pama-Nyungan,Pama-Nyungan,Australia,AU,-17.6666666667,130.666666667,wals1,pipa<br>Language: Gurindji<br>Family: Pama-Nyungan
7,,Archi,пилпил,pilpil,pilpil,pippali,aqc,arch1244,language,Lezgic,Nakh-Daghestanian,Eurasia,RU,42.0,46.8333333333,wals1,пилпил<br>pilpil<br>Language: Archi<br>Family: Nakh-Daghestanian
4,,Ancient Greek,πέπερι,péperi,péperi,pippali,grc,anci1242,language,,Indo-European,Eurasia,GR,39.8155,21.9129,glot,πέπερι<br>péperi<br>Language: Ancient Greek<br>Family: Indo-European
9,,Eastern Armenian,"բիբար, պղպեղ","bibar, płpeł","bibar, płpeł",pippali,hye,nucl1235,language,,Indo-European,Eurasia,AM AZ GE IR SY TR,40.0,45.0,glot,"բիբար, պղպեղ<br>bibar, płpeł<br>Language: Eastern Armenian<br>Family: Indo-European"
6,,Aramaic,ܦܠܦܠ,pelpel,pelpel,pippali,,aram1259,family,,Afro-Asiatic,,,33.91,42.19,glot,ܦܠܦܠ<br>pelpel<br>Language: Aramaic<br>Family: Afro-Asiatic
11,,Aromanian,piper,,piper,pippali,rup,arom1237,language,,Indo-European,Eurasia,AL BG GR MK RS,40.616,21.2,glot,piper<br>Language: Aromanian<br>Family: Indo-European
2,,Albanian,piper,,piper,pippali,aln,tosk1239,language,Albanian,Indo-European,Eurasia,AL RS,41.0,20.0,wals1,piper<br>Language: Albanian<br>Family: Indo-European
3,,Amharic,በርበሬ,bärbäre,bärbäre,pippali,amh,amha1245,language,Semitic,Afro-Asiatic,Africa,ET,10.0,38.0,wals1,በርበሬ<br>bärbäre<br>Language: Amharic<br>Family: Afro-Asiatic
58,,Hawaiian,pepa (2),,pepa (2),pippali,haw,hawa1245,language,Oceanic,Austronesian,Papunesia,US,19.5833333333,-155.5,wals1,pepa (2)<br>Language: Hawaiian<br>Family: Austronesian
15,,Avar,пилпил,pilpil,pilpil,pippali,ava,avar1256,language,Avar-Andic-Tsezic,Nakh-Daghestanian,Eurasia,RU AZ,42.5,46.5,wals1,пилпил<br>pilpil<br>Language: Avar<br>Family: Nakh-Daghestanian
5,,Anglo-Norman,paîvre,,paîvre,pippali,xno,angl1258,dialect,,Indo-European,Eurasia,,51.0,-1.0,glot,paîvre<br>Language: Anglo-Norman<br>Family: Indo-European
156,,Tagalog,paminta,,paminta,pigment,tgl,taga1270,language,Greater Central Philippine,Austronesian,Papunesia,PH,15.0,121.0,wals1,paminta<br>Language: Tagalog<br>Family: Austronesian
13,,Asturian,pimientu,,pimientu,pigment,ast,astu1245,language,Romance,Indo-European,Eurasia,ES,43.25,-6.0,wals1,pimientu<br>Language: Asturian<br>Family: Indo-European
130,,Portuguese,pimenta,,pimenta,pigment,por,port1283,language,Romance,Indo-European,Eurasia,PT,39.0,-8.0,wals1,pimenta<br>Language: Portuguese<br>Family: Indo-European
150,,Spanish,pimienta,,pimienta,pigment,spa,stan1288,language,Romance,Indo-European,Eurasia,ES,40.0,-4.0,wals1,pimienta<br>Language: Spanish<br>Family: Indo-European
55,,Haitian Creole,piman,,piman,pigment,hat,hait1244,language,Creoles and Pidgins,other,North America,HT,19.0,-72.5,wals1,piman<br>Language: Haitian Creole<br>Family: other
49,,Galician,pimenta,,pimenta,pigment,glg,gali1258,language,Romance,Indo-European,Eurasia,ES,43.0,-8.0,wals1,pimenta<br>Language: Galician<br>Family: Indo-European
185,,Yaqui,pimientam,,pimientam,pigment,yaq,yaqu1251,language,Cahita,Uto-Aztecan,North America,MX,27.5,-110.25,wals1,pimientam<br>Language: Yaqui<br>Family: Uto-Aztecan
60,,Hungarian,bors,,bors,marica,hun,hung1274,language,Ugric,Uralic,Eurasia,HU,47.0,20.0,wals1,bors<br>Language: Hungarian<br>Family: Uralic
29,,Chechen,бурч ,burč,burč,marica,che,chec1245,language,Nakh,Nakh-Daghestanian,Eurasia,RU,43.25,45.8333333333,wals1,бурч <br>burč<br>Language: Chechen<br>Family: Nakh-Daghestanian
131,,Eastern Panjabi,ਕਾਲੀ ਮਿਰਚ,kali mirch,kali mirch,marica,pan,panj1256,language,,Indo-European,Eurasia,BD IN PK,30.0368,75.6702,glot,ਕਾਲੀ ਮਿਰਚ<br>kali mirch<br>Language: Eastern Panjabi<br>Family: Indo-European
137,,Sanskrit,मरीचम्,marīcam,marīcam,marica,san,sans1269,language,,Indo-European,Eurasia,IN,20.0,77.0,glot,मरीचम्<br>marīcam<br>Language: Sanskrit<br>Family: Indo-European
175,,Uyghur,مۇچ‎,much,much,marica,uig,uigh1240,language,Turkic,Altaic,Eurasia,CN,40.0,80.0,wals1,مۇچ‎<br>much<br>Language: Uyghur<br>Family: Altaic
174,,Urdu,مرچ‎,mirc,mirc,marica,urd,urdu1245,language,Indic,Indo-European,Eurasia,PK,25.0,67.0,wals1,مرچ‎<br>mirc<br>Language: Urdu<br>Family: Indo-European
22,,Bengali,মরিচ ,môric,môric,marica,ben,beng1280,language,Indic,Indo-European,Eurasia,IN BD,24.0,90.0,wals1,মরিচ <br>môric<br>Language: Bengali<br>Family: Indo-European
171,,Turkmen,burc,,burc,marica,tuk,turk1304,language,Turkic,Altaic,Eurasia,TM,40.0,58.0,wals1,burc<br>Language: Turkmen<br>Family: Altaic
19,,Bashkir,борос,boros,boros,marica,bak,bash1264,language,Turkic,Altaic,Eurasia,RU,53.0,58.0,wals1,борос<br>boros<br>Language: Bashkir<br>Family: Altaic
145,,Sindhi,ڪارو مرچ‎,kāro mircu,kāro mircu,marica,snd,sind1272,language,Indic,Indo-European,Eurasia,PK IN,26.0,69.0,wals1,ڪارو مرچ‎<br>kāro mircu<br>Language: Sindhi<br>Family: Indo-European
146,,Sinhala,ගම්මිරිස්,gammiris,gammiris,marica,sin,sinh1246,language,Indic,Indo-European,Eurasia,LK,7.0,80.5,wals1,ගම්මිරිස්<br>gammiris<br>Language: Sinhala<br>Family: Indo-European
18,,Baluchi,مرچ‎,mirc,mirc,marica,bgp,east2304,language,Iranian,Indo-European,Eurasia,PK IR AF,28.0,62.0,wals1,مرچ‎<br>mirc<br>Language: Baluchi<br>Family: Indo-European
160,,Tatar,борыч ,borıç,borıç,marica,tat,tata1255,language,Turkic,Altaic,Eurasia,RU,56.0,49.5,wals1,борыч <br>borıç<br>Language: Tatar<br>Family: Altaic
158,,Tajik,мурч,murč,murč,marica,tgk,taji1245,language,Iranian,Indo-European,Eurasia,TJ,38.6666666667,70.0,wals1,мурч<br>murč<br>Language: Tajik<br>Family: Indo-European
177,,Uzbek,murch,,murch,marica,uzs,uzbe1247,language,Turkic,Altaic,Eurasia,AF UZ,39.0,66.0,wals1,murch<br>Language: Uzbek<br>Family: Altaic
122,,Kawi,marica,,marica,marica,kaw,kawi1241,language,,Austronesian,Papunesia,ID,-7.0,111.0,glot,marica<br>Language: Kawi<br>Family: Austronesian
59,,Hindi,"मिर्च, गोल मिर्च","mirc, gol mirch",mirc,marica,hin,hind1269,language,Indic,Indo-European,Eurasia,IN,25.0,77.0,wals1,"मिर्च, गोल मिर्च<br>mirc, gol mirch<br>Language: Hindi<br>Family: Indo-European"
82,,Kirghiz,мурч ,murç,murç,marica,kir,kirg1245,language,Turkic,Altaic,Eurasia,KG,42.0,75.0,wals1,мурч <br>murç<br>Language: Kirghiz<br>Family: Altaic
64,,Indonesian,merica,,merica,marica,ind,indo1316,language,Malayo-Sumbawan,Austronesian,Papunesia,ID,0.0,106.0,wals1,merica<br>Language: Indonesian<br>Family: Austronesian
71,,Javanese,mrica,,mrica,marica,jav,java1254,language,Javanese,Austronesian,Papunesia,ID,-7.0,111.0,wals1,mrica<br>Language: Javanese<br>Family: Austronesian
72,,Kannada,"ಮೆಣಸು, ಕರಿಮೆಣಸು","meṇasu, karimeṇasu","meṇasu, karimeṇasu",marica,kan,nucl1305,language,Southern Dravidian,Dravidian,Eurasia,IN,14.0,76.0,wals1,"ಮೆಣಸು, ಕರಿಮೆಣಸು<br>meṇasu, karimeṇasu<br>Language: Kannada<br>Family: Dravidian"
75,,Kashmiri,مرژ,martz,martz,marica,kas,kash1277,language,Indic,Indo-European,Eurasia,PK IN,34.0,76.0,wals1,مرژ<br>martz<br>Language: Kashmiri<br>Family: Indo-European
77,,Kazakh,бұрыш ,burış,burış,marica,kaz,kaza1248,language,Turkic,Altaic,Eurasia,KZ,50.0,70.0,wals1,бұрыш <br>burış<br>Language: Kazakh<br>Family: Altaic
79,,Khasi,soh marit/mrit,,soh marit/mrit,marica,kha,khas1269,language,Khasian,Austro-Asiatic,Eurasia,IN,25.5,92.0,wals1,soh marit/mrit<br>Language: Khasi<br>Family: Austro-Asiatic
80,,Khmer,ម្រេច ,mrɨc,mrɨc,marica,khm,cent1989,language,Khmer,Austro-Asiatic,Eurasia,KH,12.5,105.0,wals1,ម្រេច <br>mrɨc<br>Language: Khmer<br>Family: Austro-Asiatic
95,,Maithili,मरिच,marich,marich,marica,mai,mait1250,language,Indic,Indo-European,Eurasia,NP IN,26.0,86.0,wals1,मरिच<br>marich<br>Language: Maithili<br>Family: Indo-European
102,,Manipuri,"গোলমোরোক, ꯒꯣꯜꯃꯣꯔꯣꯛ",golmorok,golmorok,marica,mni,mani1292,language,,Sino-Tibetan,Eurasia,BD IN MM,24.4409,93.3426,glot,"গোলমোরোক, ꯒꯣꯜꯃꯣꯔꯣꯛ<br>golmorok<br>Language: Manipuri<br>Family: Sino-Tibetan"
125,,Modern Ossetic,бырц,byrc,byrc,marica,,osse1243,family,,Indo-European,,AZ GE RU TR,42.98,44.61,glot,бырц<br>byrc<br>Language: Modern Ossetic<br>Family: Indo-European
37,,Dogri,काली मिर्च,kali mirch,kali mirch,marica,dgo,indo1311,language,Indic,Indo-European,Eurasia,IN,33.0,75.0,wals1,काली मिर्च<br>kali mirch<br>Language: Dogri<br>Family: Indo-European
112,,Nepali,मरिच,marich,marich,marica,nep,nepa1252,language,Indic,Indo-European,Eurasia,NP,28.0,85.0,wals1,मरिच<br>marich<br>Language: Nepali<br>Family: Indo-European
36,,Dhivehi,އަސޭމިރުސް‎ ,aseymirus,aseymirus,marica,div,dhiv1236,language,Indic,Indo-European,Eurasia,MV,4.16666666667,73.5,wals1,އަސޭމިރުސް‎ <br>aseymirus<br>Language: Dhivehi<br>Family: Indo-European
118,,Odia,"ମରୀଚ, ଗୋଲମରୀଚ","maricha, gola maricha","maricha, gola maricha",marica,ory,oriy1255,language,,Indo-European,Eurasia,IN,21.0,85.0,glot,"ମରୀଚ, ଗୋଲମରୀଚ<br>maricha, gola maricha<br>Language: Odia<br>Family: Indo-European"
123,,Oroqen,hudʒau,,hudʒau,hujiao,orh,oroq1238,language,,tung1282,Eurasia,CN RU,50.6319,125.017,glot,hudʒau<br>Language: Oroqen<br>Family: tung1282
27,,Cantonese,胡椒,wu4 ziu1,wu4 ziu1,hujiao,yue,yuec1235,language,Chinese,Sino-Tibetan,Eurasia,CN,23.0,113.0,wals1,胡椒<br>wu4 ziu1<br>Language: Cantonese<br>Family: Sino-Tibetan
179,,Vietnamese,tiêu,,tiêu,hujiao,vie,viet1252,language,Viet-Muong,Austro-Asiatic,Eurasia,VN,10.5,106.5,wals1,tiêu<br>Language: Vietnamese<br>Family: Austro-Asiatic
83,,Korean,"고추, 후추, 호초","gochu, huchu, hocho","gochu, huchu",hujiao,kor,kore1280,language,Korean,Korean,Eurasia,KP KR,37.5,128.0,wals1,"고추, 후추, 호초<br>gochu, huchu, hocho<br>Language: Korean<br>Family: Korean"
70,,Japanese,"胡椒, こしょう",koshō,koshō,hujiao,jpn,nucl1643,language,Japanese,Japanese,Eurasia,JP,37.0,140.0,wals1,"胡椒, こしょう<br>koshō<br>Language: Japanese<br>Family: Japanese"
101,,Mandarin Chinese,胡椒 ,hújiāo,hújiāo,hujiao,cmn,mand1415,language,,Sino-Tibetan,Eurasia,CN KP LA MM MN RU TW VN,40.0209,116.228,glot,胡椒 <br>hújiāo<br>Language: Mandarin Chinese<br>Family: Sino-Tibetan
56,,Hakka,胡椒 ,fù-chêu,fù-chêu,hujiao,hak,hakk1236,language,Chinese,Sino-Tibetan,Eurasia,CN,25.0,116.0,wals1,胡椒 <br>fù-chêu<br>Language: Hakka<br>Family: Sino-Tibetan
10,,Eastern Armenian,տաքդեղ,takʿdeł,takʿdeł,other,hye,nucl1235,language,,Indo-European,Eurasia,AM AZ GE IR SY TR,40.0,45.0,glot,տաքդեղ<br>takʿdeł<br>Language: Eastern Armenian<br>Family: Indo-European
168,,Tonkawa,mummunchicew,,mummunchicew,other,tqw,tonk1249,language,Tonkawa,Tonkawa,North America,US,30.25,-96.75,wals1,mummunchicew<br>Language: Tonkawa<br>Family: Tonkawa
169,,Tulu,ಎಡ್ಡೆ ಮುಂಚಿ,edde munchi,edde munchi,other,tcy,tulu1258,language,Southern Dravidian,Dravidian,Eurasia,IN,12.75,75.3333333333,wals1,ಎಡ್ಡೆ ಮುಂಚಿ<br>edde munchi<br>Language: Tulu<br>Family: Dravidian
166,,Tlingit,si.áax'u at,,si.áax'u at,other,tli,tlin1245,language,Tlingit,Na-Dene,North America,US,59.0,-135.0,wals1,si.áax'u at<br>Language: Tlingit<br>Family: Na-Dene
78,,Ket,bogij,,bogij,other,ket,kett1243,language,Yeniseian,Yeniseian,Eurasia,RU,64.0,87.0,wals1,bogij<br>Language: Ket<br>Family: Yeniseian
76,,Kavalan,mǝnnə́t,,mǝnnə́t,other,ckv,kava1241,language,,Austronesian,Papunesia,TW,24.6947,121.645,glot,mǝnnə́t<br>Language: Kavalan<br>Family: Austronesian
74,,Kanuri,mòsóró,,mòsóró,other,knc,cent2050,language,Western Saharan,Saharan,Africa,NE TD NG SD,12.0,13.0,wals1,mòsóró<br>Language: Kanuri<br>Family: Saharan
127,,Paiwan,mácam,,mácam,other,pwn,paiw1248,language,Paiwan,Austronesian,Papunesia,TW,22.5,120.833333333,wals1,mácam<br>Language: Paiwan<br>Family: Austronesian
73,,Kanuri,njìttá,,njìttá,other,knc,cent2050,language,Western Saharan,Saharan,Africa,NE TD NG SD,12.0,13.0,wals1,njìttá<br>Language: Kanuri<br>Family: Saharan
176,,Uzbek,qalampir,,qalampir,other,uzs,uzbe1247,language,Turkic,Altaic,Eurasia,AF UZ,39.0,66.0,wals1,qalampir<br>Language: Uzbek<br>Family: Altaic
126,,Otomi,nthänts'i,,nthänts'i,other,,otom1300,family,,otom1299,,,,,glot,nthänts'i<br>Language: Otomi<br>Family: otom1299
57,,Hausa,màsōr̃o,masoro,màsóor̃óo,other,hau,haus1257,language,West Chadic,Afro-Asiatic,Africa,NG NE,12.0,7.0,wals1,màsōr̃o<br>masoro<br>Language: Hausa<br>Family: Afro-Asiatic
65,,Indonesian,lada,,lada,other,ind,indo1316,language,Malayo-Sumbawan,Austronesian,Papunesia,ID,0.0,106.0,wals1,lada<br>Language: Indonesian<br>Family: Austronesian
184,,Wichí,ponhontaj,,ponhontaj,other,mzh,wich1264,language,Matacoan,Matacoan,South America,BO AR,-22.5,-62.5833333333,wals1,ponhontaj<br>Language: Wichí<br>Family: Matacoan
124,,Modern Ossetic,цывзы,cyvzy,cyvzy,other,,osse1243,family,,Indo-European,,AZ GE RU TR,42.98,44.61,glot,цывзы<br>cyvzy<br>Language: Modern Ossetic<br>Family: Indo-European
1,,Akan,moko,,moko,other,aka,akan1250,language,,Atlantic-Congo,Africa,GH TG,6.34756,-1.33254,glot,moko<br>Language: Akan<br>Family: Atlantic-Congo
8,,Archi,istihoti,,istihoti,other,aqc,arch1244,language,Lezgic,Nakh-Daghestanian,Eurasia,RU,42.0,46.8333333333,wals1,istihoti<br>Language: Archi<br>Family: Nakh-Daghestanian
164,,Tibetan,སྨག་རྒྱུ་,smag rgyu,məggyu,other,bod,tibe1272,language,,Sino-Tibetan,Eurasia,BT CN IN NP,28.3681,90.1872,glot,སྨག་རྒྱུ་<br>smag rgyu<br>Language: Tibetan<br>Family: Sino-Tibetan
26,,Burmese,ငရုတ်ကောင်း ,nga.rutkaung:,nga.rutkaung:,other,mya,nucl1310,language,Burmese-Lolo,Sino-Tibetan,Eurasia,MM,21.0,96.0,wals1,ငရုတ်ကောင်း <br>nga.rutkaung:<br>Language: Burmese<br>Family: Sino-Tibetan
162,,Thai,พริกไทย,prík-tai,phríkthay,other,tha,thai1261,language,Kam-Tai,Tai-Kadai,Eurasia,TH,16.0,101.0,wals1,พริกไทย<br>prík-tai<br>Language: Thai<br>Family: Tai-Kadai
110,,Moroccan Arabic,"بزار‎, إبزار‎","bzār, ʔibzār","bzār, ʔibzār",other,ary,moro1292,language,,Afro-Asiatic,Africa,DZ EH MA,32.5,-7.5,glot,"بزار‎, إبزار‎<br>bzār, ʔibzār<br>Language: Moroccan Arabic<br>Family: Afro-Asiatic"
105,,Marathi,मिरे,mire,mire,other,mar,mara1378,language,Indic,Indo-European,Eurasia,IN,19.0,76.0,wals1,मिरे<br>mire<br>Language: Marathi<br>Family: Indo-European
42,,Erzya,порцька,porcʹka,porcʹka,other,myv,erzy1239,language,,Uralic,Eurasia,AZ BY EE KZ LT LV RU UA,52.8548,45.3901,glot,порцька<br>porcʹka<br>Language: Erzya<br>Family: Uralic
138,,Saramaccan,pë́pë,,pë́pë,other,srm,sara1340,language,,Indo-European,South America,GF SR,4.54729,-54.0238,glot,pë́pë<br>Language: Saramaccan<br>Family: Indo-European
132,,Puyuma,naná,,naná,other,pyu,puyu1239,language,,Austronesian,Papunesia,TW,22.643,120.996,glot,naná<br>Language: Puyuma<br>Family: Austronesian
100,,Manange,kutuŋ,,kutuŋ,other,nmm,mana1288,language,Bodic,Sino-Tibetan,Eurasia,NP,28.5833333333,84.0,wals1,kutuŋ<br>Language: Manange<br>Family: Sino-Tibetan
99,,Maltese,bżar,,bżar,other,mlt,malt1254,language,Semitic,Afro-Asiatic,Eurasia,MT,35.9166666667,14.4166666667,wals1,bżar<br>Language: Maltese<br>Family: Afro-Asiatic
143,,Shona,mhiripiri,,mhiripiri,other,sna,shon1251,language,,Atlantic-Congo,Africa,BW ZA ZM ZW,-17.20849,29.75725,glot,mhiripiri<br>Language: Shona<br>Family: Atlantic-Congo
98,,Malayalam,കുരുമുളക് ,kurumuḷakŭ,kurumuḷakŭ,other,mal,mala1464,language,Southern Dravidian,Dravidian,Eurasia,IN,10.0,76.5,wals1,കുരുമുളക് <br>kurumuḷakŭ<br>Language: Malayalam<br>Family: Dravidian
97,,Malay,lada,,lada,other,zsm,stan1306,language,Malayo-Sumbawan,Austronesian,Eurasia,MY,3.0,102.0,wals1,lada<br>Language: Malay<br>Family: Austronesian
163,,Thao,makámun,,makámun,other,ssf,thao1240,language,Western Plains Austronesian,Austronesian,Papunesia,TW,23.8833333333,120.916666667,wals1,makámun<br>Language: Thao<br>Family: Austronesian
111,,Navajo,azeedíchʼííʼ łibáhí,,azeedíchʼííʼ łibáhí,other,nav,nava1243,language,Athapaskan,Na-Dene,North America,US,36.1666666667,-108.0,wals1,azeedíchʼííʼ łibáhí<br>Language: Navajo<br>Family: Na-Dene
148,,Slovak,korenie,,korenie,other,slk,slov1269,language,Slavic,Indo-European,Eurasia,SK,49.0,20.0,wals1,korenie<br>Language: Slovak<br>Family: Indo-European
92,,Lü,ᦘᦲᧅ,phiik,phiik,other,khb,luuu1242,language,Kam-Tai,Tai-Kadai,Eurasia,LA MM CN,22.0,100.666666667,wals1,ᦘᦲᧅ<br>phiik<br>Language: Lü<br>Family: Tai-Kadai
52,,Kalaallisut,qasilitsoq,,qasilitsoq,other,kal,kala1399,language,,eski1264,North America,DK GL,69.3761,-52.864,glot,qasilitsoq<br>Language: Kalaallisut<br>Family: eski1264
84,,Lao,ພິກໄທ,phik thai,phik thai,other,lao,laoo1244,language,Kam-Tai,Tai-Kadai,Eurasia,LA TH,18.0,103.0,wals1,ພິກໄທ<br>phik thai<br>Language: Lao<br>Family: Tai-Kadai
153,,Sundanese,pedes,,pedes,other,sun,sund1252,language,Malayo-Sumbawan,Austronesian,Papunesia,ID,-7.0,107.0,wals1,pedes<br>Language: Sundanese<br>Family: Austronesian
14,,Atayal,mlúh,,mlúh,other,tay,atay1247,language,Atayalic,Austronesian,Papunesia,TW,24.5,121.333333333,wals1,mlúh<br>Language: Atayal<br>Family: Austronesian
30,,Cherokee,ᏗᏆᏲᏙᏗ ,diquayododi,diquayododi,other,chr,cher1273,language,Southern Iroquoian,Iroquoian,North America,US,35.5,-83.5,wals1,ᏗᏆᏲᏙᏗ <br>diquayododi<br>Language: Cherokee<br>Family: Iroquoian
53,,Gujarati,મરી,mari,mari,other,guj,guja1252,language,Indic,Indo-European,Eurasia,IN,23.0,72.0,wals1,મરી<br>mari<br>Language: Gujarati<br>Family: Indo-European
12,,Assamese,জলকীয়া,zolokia,zolokia,other,asm,assa1263,language,Indic,Indo-European,Eurasia,IN,26.0,93.0,wals1,জলকীয়া<br>zolokia<br>Language: Assamese<br>Family: Indo-European
159,,Tamil,மிளகு,miḷaku,miḷaku,other,tam,tami1289,language,Southern Dravidian,Dravidian,Eurasia,LK IN,11.0,78.5,wals1,மிளகு<br>miḷaku<br>Language: Tamil<br>Family: Dravidian
187,,Yoruba,ata,,ata,other,yor,yoru1245,language,,Atlantic-Congo,Africa,BJ NG,7.15345,3.67225,glot,ata<br>Language: Yoruba<br>Family: Atlantic-Congo
161,,Telugu,మిరియము,miriyamu,miriyamu,other,tel,telu1262,language,South-Central Dravidian,Dravidian,Eurasia,IN,16.0,79.0,wals1,మిరియము<br>miriyamu<br>Language: Telugu<br>Family: Dravidian
